-- =============================================================================
-- Freshy — Synthetic Seed Data (V3 — schema oficial, 30+ rows per table)
-- Date: 2026-03-28
--
-- Run in Supabase → SQL Editor. Safe to re-run (ON CONFLICT DO NOTHING).
--
-- Insertion order (respects FK dependencies):
--   auth.users → auth.identities → profiles → households
--   → storage_areas → cameras
--   → catalog_items → inventory → history_logs
-- =============================================================================


-- ─────────────────────────────────────────────────────────────────────────────
-- 0. AUTH USERS  (5 users — seed enough to own all households)
-- ─────────────────────────────────────────────────────────────────────────────
INSERT INTO auth.users (
  instance_id, id, aud, role, email, encrypted_password, email_confirmed_at,
  raw_app_meta_data, raw_user_meta_data, created_at, updated_at
) VALUES
  ('00000000-0000-0000-0000-000000000000','00000000-0000-0000-0000-000000000101','authenticated','authenticated','user1@freshy.com',crypt('password123',gen_salt('bf')),now(),'{"provider":"email","providers":["email"]}','{}',now(),now()),
  ('00000000-0000-0000-0000-000000000000','00000000-0000-0000-0000-000000000102','authenticated','authenticated','user2@freshy.com',crypt('password123',gen_salt('bf')),now(),'{"provider":"email","providers":["email"]}','{}',now(),now()),
  ('00000000-0000-0000-0000-000000000000','00000000-0000-0000-0000-000000000103','authenticated','authenticated','user3@freshy.com',crypt('password123',gen_salt('bf')),now(),'{"provider":"email","providers":["email"]}','{}',now(),now()),
  ('00000000-0000-0000-0000-000000000000','00000000-0000-0000-0000-000000000104','authenticated','authenticated','user4@freshy.com',crypt('password123',gen_salt('bf')),now(),'{"provider":"email","providers":["email"]}','{}',now(),now()),
  ('00000000-0000-0000-0000-000000000000','00000000-0000-0000-0000-000000000105','authenticated','authenticated','user5@freshy.com',crypt('password123',gen_salt('bf')),now(),'{"provider":"email","providers":["email"]}','{}',now(),now())
ON CONFLICT (id) DO NOTHING;

INSERT INTO auth.identities (
  id, user_id, provider_id, identity_data, provider, created_at, updated_at
) VALUES
  ('00000000-0000-0000-0000-000000000201','00000000-0000-0000-0000-000000000101','00000000-0000-0000-0000-000000000101','{"sub":"00000000-0000-0000-0000-000000000101","email":"user1@freshy.com"}','email',now(),now()),
  ('00000000-0000-0000-0000-000000000202','00000000-0000-0000-0000-000000000102','00000000-0000-0000-0000-000000000102','{"sub":"00000000-0000-0000-0000-000000000102","email":"user2@freshy.com"}','email',now(),now()),
  ('00000000-0000-0000-0000-000000000203','00000000-0000-0000-0000-000000000103','00000000-0000-0000-0000-000000000103','{"sub":"00000000-0000-0000-0000-000000000103","email":"user3@freshy.com"}','email',now(),now()),
  ('00000000-0000-0000-0000-000000000204','00000000-0000-0000-0000-000000000104','00000000-0000-0000-0000-000000000104','{"sub":"00000000-0000-0000-0000-000000000104","email":"user4@freshy.com"}','email',now(),now()),
  ('00000000-0000-0000-0000-000000000205','00000000-0000-0000-0000-000000000105','00000000-0000-0000-0000-000000000105','{"sub":"00000000-0000-0000-0000-000000000105","email":"user5@freshy.com"}','email',now(),now())
ON CONFLICT (id) DO NOTHING;


-- ─────────────────────────────────────────────────────────────────────────────
-- 1. PROFILES  (5 rows — mirrors auth.users 1-to-1)
-- ─────────────────────────────────────────────────────────────────────────────
INSERT INTO profiles (id, name, email) VALUES
  ('00000000-0000-0000-0000-000000000101', 'Sergio Lezama',    'user1@freshy.com'),
  ('00000000-0000-0000-0000-000000000102', 'María Testing',    'user2@freshy.com'),
  ('00000000-0000-0000-0000-000000000103', 'Juan Pérez',       'user3@freshy.com'),
  ('00000000-0000-0000-0000-000000000104', 'Ana García',       'user4@freshy.com'),
  ('00000000-0000-0000-0000-000000000105', 'Pablo Rodríguez',  'user5@freshy.com')
ON CONFLICT (id) DO NOTHING;


-- ─────────────────────────────────────────────────────────────────────────────
-- 2. HOUSEHOLDS  (10 rows — 2 per user)
-- ─────────────────────────────────────────────────────────────────────────────
INSERT INTO households (id, owner_id, name) VALUES
  ('00000000-0000-0000-0000-000000000001', '00000000-0000-0000-0000-000000000101', 'Departamento Buenos Aires'),
  ('00000000-0000-0000-0000-000000000002', '00000000-0000-0000-0000-000000000101', 'Casa de Campo'),
  ('00000000-0000-0000-0000-000000000003', '00000000-0000-0000-0000-000000000102', 'Casa Lima'),
  ('00000000-0000-0000-0000-000000000004', '00000000-0000-0000-0000-000000000102', 'Departamento Rosario'),
  ('00000000-0000-0000-0000-000000000005', '00000000-0000-0000-0000-000000000103', 'Hogar Córdoba'),
  ('00000000-0000-0000-0000-000000000006', '00000000-0000-0000-0000-000000000103', 'Departamento Palermo'),
  ('00000000-0000-0000-0000-000000000007', '00000000-0000-0000-0000-000000000104', 'Casa Mendoza'),
  ('00000000-0000-0000-0000-000000000008', '00000000-0000-0000-0000-000000000104', 'Departamento Belgrano'),
  ('00000000-0000-0000-0000-000000000009', '00000000-0000-0000-0000-000000000105', 'Hogar La Plata'),
  ('00000000-0000-0000-0000-000000000010', '00000000-0000-0000-0000-000000000105', 'Casa Mar del Plata')
ON CONFLICT (id) DO NOTHING;


-- ─────────────────────────────────────────────────────────────────────────────
-- 3. STORAGE AREAS  (30 rows — 3 per household × 10 households)
--    climate ENUM: refrigerado | seco | congelado
-- ─────────────────────────────────────────────────────────────────────────────
INSERT INTO storage_areas (id, household_id, name, climate) VALUES
  -- Household 1 (Dpto Buenos Aires)
  ('00000000-0000-0000-0001-000000000001','00000000-0000-0000-0000-000000000001','Heladera Principal','refrigerado'),
  ('00000000-0000-0000-0001-000000000002','00000000-0000-0000-0000-000000000001','Alacena Cocina',    'seco'),
  ('00000000-0000-0000-0001-000000000003','00000000-0000-0000-0000-000000000001','Freezer',           'congelado'),
  -- Household 2 (Casa de Campo)
  ('00000000-0000-0000-0001-000000000004','00000000-0000-0000-0000-000000000002','Heladera',          'refrigerado'),
  ('00000000-0000-0000-0001-000000000005','00000000-0000-0000-0000-000000000002','Despensa',          'seco'),
  ('00000000-0000-0000-0001-000000000006','00000000-0000-0000-0000-000000000002','Freezer de Garage', 'congelado'),
  -- Household 3 (Casa Lima)
  ('00000000-0000-0000-0001-000000000007','00000000-0000-0000-0000-000000000003','Heladera Cocina',   'refrigerado'),
  ('00000000-0000-0000-0001-000000000008','00000000-0000-0000-0000-000000000003','Alacena',           'seco'),
  ('00000000-0000-0000-0001-000000000009','00000000-0000-0000-0000-000000000003','Freezer',           'congelado'),
  -- Household 4 (Dpto Rosario)
  ('00000000-0000-0000-0001-000000000010','00000000-0000-0000-0000-000000000004','Heladera',          'refrigerado'),
  ('00000000-0000-0000-0001-000000000011','00000000-0000-0000-0000-000000000004','Alacena Pequeña',   'seco'),
  ('00000000-0000-0000-0001-000000000012','00000000-0000-0000-0000-000000000004','Cajón Congelados',  'congelado'),
  -- Household 5 (Hogar Córdoba)
  ('00000000-0000-0000-0001-000000000013','00000000-0000-0000-0000-000000000005','Heladera',          'refrigerado'),
  ('00000000-0000-0000-0001-000000000014','00000000-0000-0000-0000-000000000005','Despensa',          'seco'),
  ('00000000-0000-0000-0001-000000000015','00000000-0000-0000-0000-000000000005','Freezer',           'congelado'),
  -- Household 6 (Dpto Palermo)
  ('00000000-0000-0000-0001-000000000016','00000000-0000-0000-0000-000000000006','Heladera Principal','refrigerado'),
  ('00000000-0000-0000-0001-000000000017','00000000-0000-0000-0000-000000000006','Alacena',           'seco'),
  ('00000000-0000-0000-0001-000000000018','00000000-0000-0000-0000-000000000006','Freezer Vertical',  'congelado'),
  -- Household 7 (Casa Mendoza)
  ('00000000-0000-0000-0001-000000000019','00000000-0000-0000-0000-000000000007','Heladera',          'refrigerado'),
  ('00000000-0000-0000-0001-000000000020','00000000-0000-0000-0000-000000000007','Alacena Bodega',    'seco'),
  ('00000000-0000-0000-0001-000000000021','00000000-0000-0000-0000-000000000007','Freezer',           'congelado'),
  -- Household 8 (Dpto Belgrano)
  ('00000000-0000-0000-0001-000000000022','00000000-0000-0000-0000-000000000008','Heladera',          'refrigerado'),
  ('00000000-0000-0000-0001-000000000023','00000000-0000-0000-0000-000000000008','Alacena',           'seco'),
  ('00000000-0000-0000-0001-000000000024','00000000-0000-0000-0000-000000000008','Freezer Compacto',  'congelado'),
  -- Household 9 (Hogar La Plata)
  ('00000000-0000-0000-0001-000000000025','00000000-0000-0000-0000-000000000009','Heladera',          'refrigerado'),
  ('00000000-0000-0000-0001-000000000026','00000000-0000-0000-0000-000000000009','Alacena Grande',    'seco'),
  ('00000000-0000-0000-0001-000000000027','00000000-0000-0000-0000-000000000009','Freezer',           'congelado'),
  -- Household 10 (Casa Mar del Plata)
  ('00000000-0000-0000-0001-000000000028','00000000-0000-0000-0000-000000000010','Heladera',          'refrigerado'),
  ('00000000-0000-0000-0001-000000000029','00000000-0000-0000-0000-000000000010','Despensa',          'seco'),
  ('00000000-0000-0000-0001-000000000030','00000000-0000-0000-0000-000000000010','Freezer',           'congelado')
ON CONFLICT (id) DO NOTHING;


-- ─────────────────────────────────────────────────────────────────────────────
-- 4. CATALOG ITEMS  (32 rows)
--    17 packaged products (barcode NOT NULL)  — include marca + emoji
--    15 fruits / vegetables (barcode IS NULL) — emoji only, marca = NULL
--    Uses DO UPDATE so existing rows get marca/emoji even if already inserted.
-- ─────────────────────────────────────────────────────────────────────────────
INSERT INTO catalog_items (id, name, barcode, category, est_shelf_life_days, marca, emoji) VALUES
  -- ── Packaged products ──────────────────────────────────────────────────────
  ('00000000-0000-0000-0002-000000000001', 'Leche entera 1L',           '7790580001001', 'lácteo',     7,    'La Serenísima', '🥛'),
  ('00000000-0000-0000-0002-000000000002', 'Yogurt natural 170g',       '7791337000102', 'lácteo',     21,   'Danone',        '🥛'),
  ('00000000-0000-0000-0002-000000000003', 'Queso cremoso 200g',        '7790040000103', 'lácteo',     30,   'Mendicrim',     '🧀'),
  ('00000000-0000-0000-0002-000000000004', 'Arroz largo fino 1kg',      '7790380000104', 'cereal',     365,  'Maximo',        '🍚'),
  ('00000000-0000-0000-0002-000000000005', 'Fideos moño 500g',          '7790720000105', 'pasta',      730,  'Don Vincenzo',  '🍝'),
  ('00000000-0000-0000-0002-000000000006', 'Aceite girasol 900ml',      '7790315000106', 'aceite',     365,  'Natura',        '🫒'),
  ('00000000-0000-0000-0002-000000000007', 'Pan de molde 500g',         '7791281000107', 'panadería',  7,    'Bimbo',         '🍞'),
  ('00000000-0000-0000-0002-000000000008', 'Galletitas rellenas 118g',  '7622210004108', 'galletitas', 365,  'Oreo',          '🍪'),
  ('00000000-0000-0000-0002-000000000009', 'Mermelada frutilla 454g',   '7790580000109', 'conserva',   365,  'Arcor',         '🫙'),
  ('00000000-0000-0000-0002-000000000010', 'Jugo naranja en polvo 20g', '7622210000110', 'bebida',     730,  'Tang',          '🧃'),
  ('00000000-0000-0000-0002-000000000011', 'Salsa de tomate 220g',      '7790580000111', 'conserva',   365,  'Arcor',         '🍅'),
  ('00000000-0000-0000-0002-000000000012', 'Atún en aceite 170g',       '7796005000112', 'enlatado',   1095, 'La Campagnola', '🐟'),
  ('00000000-0000-0000-0002-000000000013', 'Manteca 200g',              '7790580000113', 'lácteo',     30,   'La Serenísima', '🧈'),
  ('00000000-0000-0000-0002-000000000014', 'Huevos frescos x12',        '7790000000114', 'huevos',     30,   'Granja',        '🥚'),
  ('00000000-0000-0000-0002-000000000015', 'Pechuga de pollo 1kg',      '7790580000115', 'carne',      3,    'Granja Del Sol','🍗'),
  ('00000000-0000-0000-0002-000000000016', 'Carne molida 500g',         '7790580000116', 'carne',      2,    'Carnes Arg.',   '🥩'),
  ('00000000-0000-0000-0002-000000000017', 'Helado vainilla 1L',        '7790580000117', 'helado',     365,  'Frigor',        '🍦'),
  -- ── Fruits & Vegetables (barcode IS NULL, marca IS NULL) ──────────────────
  ('00000000-0000-0000-0002-000000000018', 'Manzana roja',      NULL, 'fruta',   14,  NULL, '🍎'),
  ('00000000-0000-0000-0002-000000000019', 'Naranja',           NULL, 'fruta',   21,  NULL, '🍊'),
  ('00000000-0000-0000-0002-000000000020', 'Banana',            NULL, 'fruta',   7,   NULL, '🍌'),
  ('00000000-0000-0000-0002-000000000021', 'Tomate perita',     NULL, 'verdura', 7,   NULL, '🍅'),
  ('00000000-0000-0000-0002-000000000022', 'Lechuga mantecosa', NULL, 'verdura', 5,   NULL, '🥬'),
  ('00000000-0000-0000-0002-000000000023', 'Zanahoria',         NULL, 'verdura', 21,  NULL, '🥕'),
  ('00000000-0000-0000-0002-000000000024', 'Papa',              NULL, 'verdura', 30,  NULL, '🥔'),
  ('00000000-0000-0000-0002-000000000025', 'Cebolla',           NULL, 'verdura', 30,  NULL, '🧅'),
  ('00000000-0000-0000-0002-000000000026', 'Limón',             NULL, 'fruta',   30,  NULL, '🍋'),
  ('00000000-0000-0000-0002-000000000027', 'Pera',              NULL, 'fruta',   14,  NULL, '🍐'),
  ('00000000-0000-0000-0002-000000000028', 'Frutilla',          NULL, 'fruta',   3,   NULL, '🍓'),
  ('00000000-0000-0000-0002-000000000029', 'Uva moscatel',      NULL, 'fruta',   7,   NULL, '🍇'),
  ('00000000-0000-0000-0002-000000000030', 'Pimiento rojo',     NULL, 'verdura', 7,   NULL, '🫑'),
  ('00000000-0000-0000-0002-000000000031', 'Espinaca',          NULL, 'verdura', 3,   NULL, '🌿'),
  ('00000000-0000-0000-0002-000000000032', 'Brócoli',           NULL, 'verdura', 5,   NULL, '🥦')
ON CONFLICT (id) DO UPDATE SET
  marca = EXCLUDED.marca,
  emoji = EXCLUDED.emoji;


-- ─────────────────────────────────────────────────────────────────────────────
-- 5. INVENTORY  (35 rows)
--    freshness_state ENUM: fresco | por_vencer | vencido
--    Dates relative to 2026-03-28:
--      fresco     → expiry_date > 2026-04-07  (more than 10 days away)
--      por_vencer → expiry_date between 2026-03-28 and 2026-04-07
--      vencido    → expiry_date < 2026-03-28
-- ─────────────────────────────────────────────────────────────────────────────
INSERT INTO inventory (id, storage_area_id, catalog_item_id, quantity, unit, entry_date, expiry_date, freshness_state) VALUES
  -- ── Household 1 — Heladera (sa01) ─────────────────────────────────────────
  ('00000000-0000-0000-0003-000000000001','00000000-0000-0000-0001-000000000001','00000000-0000-0000-0002-000000000001', 2,'litros',    '2026-03-21','2026-04-04','por_vencer'),  -- Leche
  ('00000000-0000-0000-0003-000000000002','00000000-0000-0000-0001-000000000001','00000000-0000-0000-0002-000000000002', 3,'unidades',  '2026-03-08','2026-04-18','fresco'),      -- Yogurt
  ('00000000-0000-0000-0003-000000000003','00000000-0000-0000-0001-000000000001','00000000-0000-0000-0002-000000000015', 1,'kg',        '2026-03-26','2026-03-30','por_vencer'),  -- Pollo
  ('00000000-0000-0000-0003-000000000004','00000000-0000-0000-0001-000000000001','00000000-0000-0000-0002-000000000014', 1,'docena',    '2026-03-01','2026-04-27','fresco'),      -- Huevos
  -- ── Household 1 — Alacena (sa02) ─────────────────────────────────────────
  ('00000000-0000-0000-0003-000000000005','00000000-0000-0000-0001-000000000002','00000000-0000-0000-0002-000000000004', 2,'paquete',   '2026-03-10','2027-03-01','fresco'),      -- Arroz
  ('00000000-0000-0000-0003-000000000006','00000000-0000-0000-0001-000000000002','00000000-0000-0000-0002-000000000005', 3,'paquete',   '2026-03-10','2027-09-01','fresco'),      -- Fideos
  ('00000000-0000-0000-0003-000000000007','00000000-0000-0000-0001-000000000002','00000000-0000-0000-0002-000000000008', 1,'paquete',   '2026-01-15','2026-03-25','vencido'),     -- Galletitas
  -- ── Household 1 — Freezer (sa03) ─────────────────────────────────────────
  ('00000000-0000-0000-0003-000000000008','00000000-0000-0000-0001-000000000003','00000000-0000-0000-0002-000000000017', 2,'unidades',  '2026-03-05','2027-01-15','fresco'),      -- Helado
  ('00000000-0000-0000-0003-000000000009','00000000-0000-0000-0001-000000000003','00000000-0000-0000-0002-000000000016', 1,'kg',        '2026-03-01','2026-03-20','vencido'),     -- Carne molida
  -- ── Household 2 — Heladera (sa04) ─────────────────────────────────────────
  ('00000000-0000-0000-0003-000000000010','00000000-0000-0000-0001-000000000004','00000000-0000-0000-0002-000000000001', 1,'litros',    '2026-03-22','2026-04-02','por_vencer'),  -- Leche
  ('00000000-0000-0000-0003-000000000011','00000000-0000-0000-0001-000000000004','00000000-0000-0000-0002-000000000013', 1,'unidades',  '2026-03-28','2026-04-25','fresco'),      -- Manteca
  ('00000000-0000-0000-0003-000000000012','00000000-0000-0000-0001-000000000004','00000000-0000-0000-0002-000000000003', 1,'unidades',  '2026-03-01','2026-03-22','vencido'),     -- Queso
  -- ── Household 2 — Despensa (sa05) ────────────────────────────────────────
  ('00000000-0000-0000-0003-000000000013','00000000-0000-0000-0001-000000000005','00000000-0000-0000-0002-000000000006', 1,'litros',    '2026-03-15','2027-03-01','fresco'),      -- Aceite
  ('00000000-0000-0000-0003-000000000014','00000000-0000-0000-0001-000000000005','00000000-0000-0000-0002-000000000012', 4,'latas',     '2026-02-01','2029-01-01','fresco'),      -- Atún
  ('00000000-0000-0000-0003-000000000015','00000000-0000-0000-0001-000000000005','00000000-0000-0000-0002-000000000011', 2,'unidades',  '2026-02-15','2026-03-27','vencido'),     -- Salsa tomate
  -- ── Household 3 — Heladera (sa07) ─────────────────────────────────────────
  ('00000000-0000-0000-0003-000000000016','00000000-0000-0000-0001-000000000007','00000000-0000-0000-0002-000000000002', 2,'unidades',  '2026-03-08','2026-04-18','fresco'),      -- Yogurt
  ('00000000-0000-0000-0003-000000000017','00000000-0000-0000-0001-000000000007','00000000-0000-0000-0002-000000000014', 1,'docena',    '2026-03-01','2026-04-08','fresco'),      -- Huevos
  ('00000000-0000-0000-0003-000000000018','00000000-0000-0000-0001-000000000007','00000000-0000-0000-0002-000000000015', 1,'kg',        '2026-03-26','2026-03-29','por_vencer'),  -- Pollo
  -- ── Household 3 — Freezer (sa09) ─────────────────────────────────────────
  ('00000000-0000-0000-0003-000000000019','00000000-0000-0000-0001-000000000009','00000000-0000-0000-0002-000000000016', 2,'kg',        '2026-03-10','2026-06-01','fresco'),      -- Carne molida
  -- ── Household 4 — Heladera (sa10) ─────────────────────────────────────────
  ('00000000-0000-0000-0003-000000000020','00000000-0000-0000-0001-000000000010','00000000-0000-0000-0002-000000000001', 3,'litros',    '2026-03-21','2026-04-04','por_vencer'),  -- Leche
  ('00000000-0000-0000-0003-000000000021','00000000-0000-0000-0001-000000000010','00000000-0000-0000-0002-000000000003', 1,'unidades',  '2026-03-01','2026-04-25','fresco'),      -- Queso
  -- ── Household 4 — Alacena (sa11) ─────────────────────────────────────────
  ('00000000-0000-0000-0003-000000000022','00000000-0000-0000-0001-000000000011','00000000-0000-0000-0002-000000000009', 1,'frasco',    '2026-03-10','2027-01-01','fresco'),      -- Mermelada
  ('00000000-0000-0000-0003-000000000023','00000000-0000-0000-0001-000000000011','00000000-0000-0000-0002-000000000010', 3,'sobres',    '2026-03-10','2028-06-01','fresco'),      -- Jugo Tang
  -- ── Household 5 — Heladera (sa13) ─────────────────────────────────────────
  ('00000000-0000-0000-0003-000000000024','00000000-0000-0000-0001-000000000013','00000000-0000-0000-0002-000000000007', 1,'paquete',   '2026-03-26','2026-04-02','por_vencer'),  -- Pan de molde
  ('00000000-0000-0000-0003-000000000025','00000000-0000-0000-0001-000000000013','00000000-0000-0000-0002-000000000002', 4,'unidades',  '2026-03-20','2026-04-18','fresco'),      -- Yogurt
  -- ── Household 5 — Despensa (sa14) ────────────────────────────────────────
  ('00000000-0000-0000-0003-000000000026','00000000-0000-0000-0001-000000000014','00000000-0000-0000-0002-000000000004', 1,'paquete',   '2026-02-10','2027-03-01','fresco'),      -- Arroz
  ('00000000-0000-0000-0003-000000000027','00000000-0000-0000-0001-000000000014','00000000-0000-0000-0002-000000000005', 2,'paquete',   '2026-02-10','2027-09-01','fresco'),      -- Fideos
  -- ── Household 6 — Heladera (sa16) ─────────────────────────────────────────
  ('00000000-0000-0000-0003-000000000028','00000000-0000-0000-0001-000000000016','00000000-0000-0000-0002-000000000018', 6,'unidades',  '2026-03-22','2026-04-11','fresco'),      -- Manzana
  ('00000000-0000-0000-0003-000000000029','00000000-0000-0000-0001-000000000016','00000000-0000-0000-0002-000000000020', 4,'unidades',  '2026-03-24','2026-03-31','por_vencer'),  -- Banana
  ('00000000-0000-0000-0003-000000000030','00000000-0000-0000-0001-000000000016','00000000-0000-0000-0002-000000000021', 3,'unidades',  '2026-03-20','2026-03-26','vencido'),     -- Tomate
  -- ── Household 7 — Alacena (sa20) ─────────────────────────────────────────
  ('00000000-0000-0000-0003-000000000031','00000000-0000-0000-0001-000000000020','00000000-0000-0000-0002-000000000023', 1,'kg',        '2026-03-25','2026-04-18','fresco'),      -- Zanahoria
  ('00000000-0000-0000-0003-000000000032','00000000-0000-0000-0001-000000000020','00000000-0000-0000-0002-000000000024', 3,'kg',        '2026-03-25','2026-04-27','fresco'),      -- Papa
  -- ── Household 8 — Heladera (sa22) ─────────────────────────────────────────
  ('00000000-0000-0000-0003-000000000033','00000000-0000-0000-0001-000000000022','00000000-0000-0000-0002-000000000022', 1,'unidades',  '2026-03-27','2026-04-02','por_vencer'),  -- Lechuga
  ('00000000-0000-0000-0003-000000000034','00000000-0000-0000-0001-000000000022','00000000-0000-0000-0002-000000000028', 500,'gramos',  '2026-03-25','2026-03-27','vencido'),     -- Frutilla
  -- ── Household 9 — Heladera (sa25) ─────────────────────────────────────────
  ('00000000-0000-0000-0003-000000000035','00000000-0000-0000-0001-000000000025','00000000-0000-0000-0002-000000000019', 5,'unidades',  '2026-03-22','2026-04-18','fresco')       -- Naranja
ON CONFLICT (id) DO NOTHING;


-- ─────────────────────────────────────────────────────────────────────────────
-- 6. HISTORY LOGS  (35 rows)
--    action ENUM: ENTRADA | SALIDA | DESCARTE
--    Linked to catalog_item_id + storage_area_id (NOT to inventory directly)
-- ─────────────────────────────────────────────────────────────────────────────
INSERT INTO history_logs (id, user_id, catalog_item_id, storage_area_id, action, quantity, unit) VALUES
  -- User 1 actions
  ('00000000-0000-0000-0004-000000000001','00000000-0000-0000-0000-000000000101','00000000-0000-0000-0002-000000000001','00000000-0000-0000-0001-000000000001','ENTRADA',  2,'litros'),
  ('00000000-0000-0000-0004-000000000002','00000000-0000-0000-0000-000000000101','00000000-0000-0000-0002-000000000002','00000000-0000-0000-0001-000000000001','ENTRADA',  3,'unidades'),
  ('00000000-0000-0000-0004-000000000003','00000000-0000-0000-0000-000000000101','00000000-0000-0000-0002-000000000015','00000000-0000-0000-0001-000000000001','ENTRADA',  1,'kg'),
  ('00000000-0000-0000-0004-000000000004','00000000-0000-0000-0000-000000000101','00000000-0000-0000-0002-000000000008','00000000-0000-0000-0001-000000000002','ENTRADA',  1,'paquete'),
  ('00000000-0000-0000-0004-000000000005','00000000-0000-0000-0000-000000000101','00000000-0000-0000-0002-000000000008','00000000-0000-0000-0001-000000000002','DESCARTE', 1,'paquete'),
  ('00000000-0000-0000-0004-000000000006','00000000-0000-0000-0000-000000000101','00000000-0000-0000-0002-000000000016','00000000-0000-0000-0001-000000000003','ENTRADA',  1,'kg'),
  ('00000000-0000-0000-0004-000000000007','00000000-0000-0000-0000-000000000101','00000000-0000-0000-0002-000000000016','00000000-0000-0000-0001-000000000003','DESCARTE', 1,'kg'),
  -- User 2 actions
  ('00000000-0000-0000-0004-000000000008','00000000-0000-0000-0000-000000000102','00000000-0000-0000-0002-000000000001','00000000-0000-0000-0001-000000000004','ENTRADA',  1,'litros'),
  ('00000000-0000-0000-0004-000000000009','00000000-0000-0000-0000-000000000102','00000000-0000-0000-0002-000000000013','00000000-0000-0000-0001-000000000004','ENTRADA',  1,'unidades'),
  ('00000000-0000-0000-0004-000000000010','00000000-0000-0000-0000-000000000102','00000000-0000-0000-0002-000000000003','00000000-0000-0000-0001-000000000004','ENTRADA',  1,'unidades'),
  ('00000000-0000-0000-0004-000000000011','00000000-0000-0000-0000-000000000102','00000000-0000-0000-0002-000000000003','00000000-0000-0000-0001-000000000004','DESCARTE', 1,'unidades'),
  ('00000000-0000-0000-0004-000000000012','00000000-0000-0000-0000-000000000102','00000000-0000-0000-0002-000000000006','00000000-0000-0000-0001-000000000005','ENTRADA',  1,'litros'),
  ('00000000-0000-0000-0004-000000000013','00000000-0000-0000-0000-000000000102','00000000-0000-0000-0002-000000000012','00000000-0000-0000-0001-000000000005','ENTRADA',  4,'latas'),
  ('00000000-0000-0000-0004-000000000014','00000000-0000-0000-0000-000000000102','00000000-0000-0000-0002-000000000011','00000000-0000-0000-0001-000000000005','ENTRADA',  2,'unidades'),
  ('00000000-0000-0000-0004-000000000015','00000000-0000-0000-0000-000000000102','00000000-0000-0000-0002-000000000011','00000000-0000-0000-0001-000000000005','DESCARTE', 2,'unidades'),
  -- User 3 actions
  ('00000000-0000-0000-0004-000000000016','00000000-0000-0000-0000-000000000103','00000000-0000-0000-0002-000000000002','00000000-0000-0000-0001-000000000007','ENTRADA',  2,'unidades'),
  ('00000000-0000-0000-0004-000000000017','00000000-0000-0000-0000-000000000103','00000000-0000-0000-0002-000000000014','00000000-0000-0000-0001-000000000007','ENTRADA',  1,'docena'),
  ('00000000-0000-0000-0004-000000000018','00000000-0000-0000-0000-000000000103','00000000-0000-0000-0002-000000000015','00000000-0000-0000-0001-000000000007','ENTRADA',  1,'kg'),
  ('00000000-0000-0000-0004-000000000019','00000000-0000-0000-0000-000000000103','00000000-0000-0000-0002-000000000015','00000000-0000-0000-0001-000000000007','SALIDA',   1,'kg'),
  ('00000000-0000-0000-0004-000000000020','00000000-0000-0000-0000-000000000103','00000000-0000-0000-0002-000000000016','00000000-0000-0000-0001-000000000009','ENTRADA',  2,'kg'),
  -- User 4 actions
  ('00000000-0000-0000-0004-000000000021','00000000-0000-0000-0000-000000000104','00000000-0000-0000-0002-000000000001','00000000-0000-0000-0001-000000000010','ENTRADA',  3,'litros'),
  ('00000000-0000-0000-0004-000000000022','00000000-0000-0000-0000-000000000104','00000000-0000-0000-0002-000000000001','00000000-0000-0000-0001-000000000010','SALIDA',   1,'litros'),
  ('00000000-0000-0000-0004-000000000023','00000000-0000-0000-0000-000000000104','00000000-0000-0000-0002-000000000003','00000000-0000-0000-0001-000000000010','ENTRADA',  1,'unidades'),
  ('00000000-0000-0000-0004-000000000024','00000000-0000-0000-0000-000000000104','00000000-0000-0000-0002-000000000009','00000000-0000-0000-0001-000000000011','ENTRADA',  1,'frasco'),
  ('00000000-0000-0000-0004-000000000025','00000000-0000-0000-0000-000000000104','00000000-0000-0000-0002-000000000010','00000000-0000-0000-0001-000000000011','ENTRADA',  3,'sobres'),
  -- User 5 actions
  ('00000000-0000-0000-0004-000000000026','00000000-0000-0000-0000-000000000105','00000000-0000-0000-0002-000000000007','00000000-0000-0000-0001-000000000013','ENTRADA',  1,'paquete'),
  ('00000000-0000-0000-0004-000000000027','00000000-0000-0000-0000-000000000105','00000000-0000-0000-0002-000000000002','00000000-0000-0000-0001-000000000013','ENTRADA',  4,'unidades'),
  ('00000000-0000-0000-0004-000000000028','00000000-0000-0000-0000-000000000105','00000000-0000-0000-0002-000000000004','00000000-0000-0000-0001-000000000014','ENTRADA',  1,'paquete'),
  ('00000000-0000-0000-0004-000000000029','00000000-0000-0000-0000-000000000105','00000000-0000-0000-0002-000000000005','00000000-0000-0000-0001-000000000014','ENTRADA',  2,'paquete'),
  ('00000000-0000-0000-0004-000000000030','00000000-0000-0000-0000-000000000105','00000000-0000-0000-0002-000000000019','00000000-0000-0000-0001-000000000025','ENTRADA',  5,'unidades'),
  ('00000000-0000-0000-0004-000000000031','00000000-0000-0000-0000-000000000101','00000000-0000-0000-0002-000000000018','00000000-0000-0000-0001-000000000001','ENTRADA',  6,'unidades'),
  ('00000000-0000-0000-0004-000000000032','00000000-0000-0000-0000-000000000101','00000000-0000-0000-0002-000000000020','00000000-0000-0000-0001-000000000001','ENTRADA',  4,'unidades'),
  ('00000000-0000-0000-0004-000000000033','00000000-0000-0000-0000-000000000101','00000000-0000-0000-0002-000000000021','00000000-0000-0000-0001-000000000001','ENTRADA',  3,'unidades'),
  ('00000000-0000-0000-0004-000000000034','00000000-0000-0000-0000-000000000101','00000000-0000-0000-0002-000000000021','00000000-0000-0000-0001-000000000001','DESCARTE', 3,'unidades'),
  ('00000000-0000-0000-0004-000000000035','00000000-0000-0000-0000-000000000102','00000000-0000-0000-0002-000000000022','00000000-0000-0000-0001-000000000007','ENTRADA',  1,'unidades')
ON CONFLICT (id) DO NOTHING;


-- ─────────────────────────────────────────────────────────────────────────────
-- 7. CAMERAS  (30 rows — 1 per storage area)
-- ─────────────────────────────────────────────────────────────────────────────
INSERT INTO cameras (id, storage_area_id, device_identifier, name, is_active) VALUES
  ('00000000-0000-0000-0005-000000000001','00000000-0000-0000-0001-000000000001','ESP32-CAM-001','Cámara Heladera 1',    TRUE),
  ('00000000-0000-0000-0005-000000000002','00000000-0000-0000-0001-000000000002','ESP32-CAM-002','Cámara Alacena 1',     TRUE),
  ('00000000-0000-0000-0005-000000000003','00000000-0000-0000-0001-000000000003','ESP32-CAM-003','Cámara Freezer 1',     FALSE),
  ('00000000-0000-0000-0005-000000000004','00000000-0000-0000-0001-000000000004','ESP32-CAM-004','Cámara Heladera 2',    TRUE),
  ('00000000-0000-0000-0005-000000000005','00000000-0000-0000-0001-000000000005','ESP32-CAM-005','Cámara Despensa 2',    TRUE),
  ('00000000-0000-0000-0005-000000000006','00000000-0000-0000-0001-000000000006','ESP32-CAM-006','Cámara Freezer 2',     FALSE),
  ('00000000-0000-0000-0005-000000000007','00000000-0000-0000-0001-000000000007','ESP32-CAM-007','Cámara Heladera 3',    TRUE),
  ('00000000-0000-0000-0005-000000000008','00000000-0000-0000-0001-000000000008','ESP32-CAM-008','Cámara Alacena 3',     TRUE),
  ('00000000-0000-0000-0005-000000000009','00000000-0000-0000-0001-000000000009','ESP32-CAM-009','Cámara Freezer 3',     TRUE),
  ('00000000-0000-0000-0005-000000000010','00000000-0000-0000-0001-000000000010','ESP32-CAM-010','Cámara Heladera 4',    TRUE),
  ('00000000-0000-0000-0005-000000000011','00000000-0000-0000-0001-000000000011','ESP32-CAM-011','Cámara Alacena 4',     FALSE),
  ('00000000-0000-0000-0005-000000000012','00000000-0000-0000-0001-000000000012','ESP32-CAM-012','Cámara Congelados 4',  TRUE),
  ('00000000-0000-0000-0005-000000000013','00000000-0000-0000-0001-000000000013','ESP32-CAM-013','Cámara Heladera 5',    TRUE),
  ('00000000-0000-0000-0005-000000000014','00000000-0000-0000-0001-000000000014','ESP32-CAM-014','Cámara Despensa 5',    TRUE),
  ('00000000-0000-0000-0005-000000000015','00000000-0000-0000-0001-000000000015','ESP32-CAM-015','Cámara Freezer 5',     FALSE),
  ('00000000-0000-0000-0005-000000000016','00000000-0000-0000-0001-000000000016','ESP32-CAM-016','Cámara Heladera 6',    TRUE),
  ('00000000-0000-0000-0005-000000000017','00000000-0000-0000-0001-000000000017','ESP32-CAM-017','Cámara Alacena 6',     TRUE),
  ('00000000-0000-0000-0005-000000000018','00000000-0000-0000-0001-000000000018','ESP32-CAM-018','Cámara Freezer 6',     TRUE),
  ('00000000-0000-0000-0005-000000000019','00000000-0000-0000-0001-000000000019','ESP32-CAM-019','Cámara Heladera 7',    TRUE),
  ('00000000-0000-0000-0005-000000000020','00000000-0000-0000-0001-000000000020','ESP32-CAM-020','Cámara Alacena 7',     FALSE),
  ('00000000-0000-0000-0005-000000000021','00000000-0000-0000-0001-000000000021','ESP32-CAM-021','Cámara Freezer 7',     TRUE),
  ('00000000-0000-0000-0005-000000000022','00000000-0000-0000-0001-000000000022','ESP32-CAM-022','Cámara Heladera 8',    TRUE),
  ('00000000-0000-0000-0005-000000000023','00000000-0000-0000-0001-000000000023','ESP32-CAM-023','Cámara Alacena 8',     TRUE),
  ('00000000-0000-0000-0005-000000000024','00000000-0000-0000-0001-000000000024','ESP32-CAM-024','Cámara Freezer 8',     FALSE),
  ('00000000-0000-0000-0005-000000000025','00000000-0000-0000-0001-000000000025','ESP32-CAM-025','Cámara Heladera 9',    TRUE),
  ('00000000-0000-0000-0005-000000000026','00000000-0000-0000-0001-000000000026','ESP32-CAM-026','Cámara Alacena 9',     TRUE),
  ('00000000-0000-0000-0005-000000000027','00000000-0000-0000-0001-000000000027','ESP32-CAM-027','Cámara Freezer 9',     TRUE),
  ('00000000-0000-0000-0005-000000000028','00000000-0000-0000-0001-000000000028','ESP32-CAM-028','Cámara Heladera 10',   TRUE),
  ('00000000-0000-0000-0005-000000000029','00000000-0000-0000-0001-000000000029','ESP32-CAM-029','Cámara Despensa 10',   FALSE),
  ('00000000-0000-0000-0005-000000000030','00000000-0000-0000-0001-000000000030','ESP32-CAM-030','Cámara Freezer 10',    TRUE)
ON CONFLICT (id) DO NOTHING;


-- =============================================================================
-- Row-count verification (run after seeding):
--
--   SELECT 'auth.users'    AS tbl, COUNT(*) FROM auth.users     WHERE email LIKE '%freshy.com'
--   UNION ALL
--   SELECT 'profiles',      COUNT(*) FROM profiles
--   UNION ALL
--   SELECT 'households',    COUNT(*) FROM households
--   UNION ALL
--   SELECT 'storage_areas', COUNT(*) FROM storage_areas
--   UNION ALL
--   SELECT 'catalog_items', COUNT(*) FROM catalog_items
--   UNION ALL
--   SELECT 'inventory',     COUNT(*) FROM inventory
--   UNION ALL
--   SELECT 'history_logs',  COUNT(*) FROM history_logs
--   UNION ALL
--   SELECT 'cameras',       COUNT(*) FROM cameras;
--
-- Expected:
--   auth.users=5, profiles=5, households=10, storage_areas=30,
--   catalog_items=32, inventory=35, history_logs=35, cameras=30
-- =============================================================================
